"class","parent","is_multi","sdl_event_handler","state_changer","paintable","positionable","movable","sprite","centered","grid_centered","active","living","living_parent","hittable","hit_creep","hit_player","gift_player","cost_player","follow_waypoints"
"Grid","World",,"X","X",,,,,,,,,,,,,,,
"Markers","Grid",,,,"X",,,,,,,,,,,,,,
"Waypoints","Grid",,,,"X",,,,,,,,,,,,,,
"HealthView","Player",,,,"X","X",,,,,,,,,,,,,
"ScoreView","Player",,,,"X","X",,,,,,,,,,,,,
"Player","World",,,,,,,,,,,"X",,"X",,,,,
"Creep","Wave","X",,,"X","X","X","X","X",,"X","X",,"X",,"X","X",,"X"
"Wave","WaveManager","X",,,,,,,,,"X","X","X",,,,,,
"WaveManager","World",,,,,,,,,,"X","X","X",,,,,,
"LaserTower","TowerManager","X",,,"X","X",,"X","X","X","X",,,,"X",,"X","X",
"TowerManager","World",,,,,,,,,,,,,,,,,,
"World","Scene",,,,,,,,,,,,"X",,,,,,
"Cursor","Scene",,"X","X","X","X",,"X",,,,,,,,,,,
"IntentionCursor","Cursor",,,,"X","X",,"X","X","X",,,,,,,,,
"UI","Scene",,"X","X","X","X",,"X",,,,,,,,,,,
"Button","UI","X",,,"X","X",,"X",,,,,,,,,,,
"GoldView","UI",,,,"X","X",,"X",,,,,,,,,,,
"KeyboardHandler","Scene",,"X","X",,,,,,,,,,,,,,,
"SceneState","Scene",,,,,,,,,,,,,,,,,,
"Scene","SceneManager",,,,,,,,,,,,,,,,,,
"SplashScreen","SceneManager",,,,,,,,,,,,,,,,,,
"SceneManager","Game",,,,,,,,,,,,,,,,,,
"App","Game",,,,,,,,,,,,,,,,,,
"Game",,,,,,,,,,,,,,,,,,,
